category,revenue,nb_orders,avg_order
Mode,5572412.719999967,11500,484.5576278260841
Sport,5381556.660000156,9445,569.7783652726475
Alimentation,4460283.200000031,8373,532.6983399020698
Maison,3642320.260000015,7222,504.3367848241505
Beauté,3520712.5100000044,6752,521.4325399881524
Électronique,3336680.759999985,6708,497.4181216457938
